text,label
bkash e taka kete geche kintu order confirm hoy nai pls help,payment
Can I get a refund instead of a replacement?,refund
"Returned the item 15 days ago, where is my refund?",refund
"Cancelled my order, need my money back",refund
"It's been a week, still waiting for order 3911",delivery
"Cancelled my order, need my money back",refund
order 3231 er delivery kobe hobe?,delivery
"Returned the item 6 days ago, where is my refund?",refund
My account got locked after wrong passwords,account
I want to give feedback about your app design,other
OTP is not coming to my phone number,account
OTP is not coming to my phone number,account
i can't log in to my account pls help,account
Is there any discount for students?,other
"the item looks used, not new",product_issue
Delivery man called but never came to Dhaka,delivery
The rice bag was torn and half empty,product_issue
charger ta kaj kortese na,product_issue
"the item looks used, not new",product_issue
charger ta kaj kortese na,product_issue
account e login korte partesi na,account
package arrived at the wrong address in bogura,delivery
Can I buy in bulk for my office?,other
"Missing parts in the fan box, no screws",product_issue
How can I become a seller on your site?,other
is there any discount for students?,other
Forgot my password and the reset email never comes,account
Nagad payment failed but money was cut from my account,payment
account e login korte partesi na,account
Payment page keeps showing an error when I pay,payment
I want a refund for order 7565,refund
I can't log in to my account,account
"Someone changed my email address, I think I was hacked",account
"it's been a week, still waiting for order 8967",delivery
Can you change my delivery address to Khulna?,delivery
is there any discount for students?,other
"Returned the item 5 days ago, where is my refund?",refund
"Please refund 250 taka, the product was wrong",refund
How long does a refund take to reach bKash? pls help,refund
The rice bag was torn and half empty,product_issue
"returned the item 4 days ago, where is my refund?",refund
The phone I received has a cracked screen,product_issue
Headphones only work on one side,product_issue
the phone i received has a cracked screen,product_issue
How long does a refund take to reach bKash?,refund
headphones only work on one side,product_issue
Package arrived at the wrong address in Rangamati,delivery
Can I get a refund instead of a replacement?,refund
otp is not coming to my phone number,account
refund kobe pabo? order 9235,refund
How do I change the phone number on my account?,account
I can't log in to my account,account
The courier marked my order delivered but I got nothing,delivery
order 5819 er delivery kobe hobe?,delivery
The phone I received has a cracked screen,product_issue
"Wrong size shirt delivered, I ordered L",product_issue
Can I buy in bulk for my office?,other
How long does a refund take to reach bKash? pls help,refund
Please delete my account and my data pls help,account
apnader office kothay?,other
What are your customer care hours?,other
Can I get a refund instead of a replacement?,refund
"Returned the item 3 days ago, where is my refund?",refund
Payment page keeps showing an error when I pay,payment
what are your customer care hours?,other
I want to give feedback about your app design,other
OTP is not coming to my phone number,account
bkash e taka kete geche kintu order confirm hoy nai,payment
how do i change the phone number on my account?,account
Payment page keeps showing an error when I pay,payment
charger ta kaj kortese na,product_issue
"Please refund 120 taka, the product was wrong",refund
apnader office kothay?,other
How can I become a seller on your site?,other
The courier marked my order delivered but I got nothing,delivery
charger ta kaj kortese na,product_issue
bkash e taka kete geche kintu order confirm hoy nai,payment
My account got locked after wrong passwords,account
Package arrived at the wrong address in Bogura,delivery
My account got locked after wrong passwords,account
package arrived at the wrong address in khulna,delivery
"The item looks used, not new",product_issue
refund kobe pabo? order 1178,refund
Payment page keeps showing an error when I pay,payment
Refund was approved but I never received it,refund
"my order #2133 still hasn't arrived, it's been 6 days",delivery
Can you change my delivery address to Rangamati?,delivery
Do you sell gift cards?,other
i paid with bkash twice for order 1613,payment
Headphones only work on one side,product_issue
apnader office kothay?,other
Cash on delivery option is missing at checkout,payment
"Please refund 499 taka, the product was wrong",refund
the rice bag was torn and half empty,product_issue
order 3596 er delivery kobe hobe?,delivery
How do I change the phone number on my account?,account
I paid with bKash twice for order 1229,payment
OTP is not coming to my phone number,account
the phone i received has a cracked screen pls help,product_issue
Blender stopped working after 15 days,product_issue
My card was charged but the order shows unpaid,payment
"Cancelled my order, need my money back",refund
OTP is not coming to my phone number,account
i can't log in to my account,account
Payment page keeps showing an error when I pay,payment
"Missing parts in the fan box, no screws pls help",product_issue
What are your customer care hours?,other
What are your customer care hours?,other
Please delete my account and my data pls help,account
"Someone changed my email address, I think I was hacked",account
Can I get a refund instead of a replacement?,refund
how long does a refund take to reach bkash?,refund
nagad payment failed but money was cut from my account,payment
nagad payment failed but money was cut from my account,payment
"Wrong size shirt delivered, I ordered L",product_issue
My card was charged but the order shows unpaid,payment
Do you have a shop in Rangamati?,other
"wrong size shirt delivered, i ordered l",product_issue
My card was charged but the order shows unpaid,payment
how do i change the phone number on my account?,account
How long does a refund take to reach bKash?,refund
Payment page keeps showing an error when I pay,payment
forgot my password and the reset email never comes,account
"The item looks used, not new pls help",product_issue
"Wrong size shirt delivered, I ordered L",product_issue
OTP is not coming to my phone number,account
"Cancelled my order, need my money back",refund
Can I buy in bulk for my office?,other
"Please refund 1200 taka, the product was wrong",refund
the courier marked my order delivered but i got nothing pls help,delivery
Payment page keeps showing an error when I pay pls help,payment
Do you sell gift cards?,other
order 1492 er delivery kobe hobe?,delivery
How long does a refund take to reach bKash? pls help,refund
Why was I charged 250 taka extra? pls help,payment
apnader office kothay?,other
can i buy in bulk for my office?,other
My card was charged but the order shows unpaid,payment
I want a refund for order 7727,refund
bkash e taka kete geche kintu order confirm hoy nai pls help,payment
Do you have a shop in Dhaka? pls help,other
Payment page keeps showing an error when I pay pls help,payment
Package arrived at the wrong address in Dhaka,delivery
Payment page keeps showing an error when I pay pls help,payment
"It's been a week, still waiting for order 8629",delivery
can you change my delivery address to dhaka?,delivery
I can't log in to my account,account
account e login korte partesi na,account
The rice bag was torn and half empty,product_issue
"returned the item 14 days ago, where is my refund?",refund
"Returned the item 5 days ago, where is my refund?",refund
do you sell gift cards?,other
How do I change the phone number on my account?,account
"It's been a week, still waiting for order 3435",delivery
"Missing parts in the fan box, no screws",product_issue
apnader office kothay?,other
charger ta kaj kortese na pls help,product_issue
refund kobe pabo? order 3658,refund
Where is my parcel? Tracking shows no update since yesterday,delivery
I paid with bKash twice for order 8038,payment
My card was charged but the order shows unpaid,payment
Can you change my delivery address to Khulna? pls help,delivery
"My order #2183 still hasn't arrived, it's been 3 days",delivery
Where is my parcel? Tracking shows no update since yesterday pls help,delivery
Do you sell gift cards? pls help,other
How long does a refund take to reach bKash?,refund
How do I change the phone number on my account?,account
Can you change my delivery address to Rangamati?,delivery
Can you change my delivery address to Dhaka?,delivery
cash on delivery option is missing at checkout,payment
"The item looks used, not new",product_issue
The rice bag was torn and half empty,product_issue
account e login korte partesi na,account
refund kobe pabo? order 9928,refund
Please delete my account and my data pls help,account
account e login korte partesi na,account
apnader office kothay?,other
refund was approved but i never received it,refund
my account got locked after wrong passwords,account
where is my parcel? tracking shows no update since sunday,delivery
Headphones only work on one side,product_issue
"Missing parts in the fan box, no screws",product_issue
"Returned the item 4 days ago, where is my refund?",refund
"The item looks used, not new",product_issue
do you sell gift cards? pls help,other
charger ta kaj kortese na,product_issue
I want to give feedback about your app design,other
"Missing parts in the fan box, no screws",product_issue
refund was approved but i never received it,refund
apnader office kothay? pls help,other
the rice bag was torn and half empty,product_issue
How can I become a seller on your site? pls help,other
I can't log in to my account,account
Do you sell gift cards?,other
nagad payment failed but money was cut from my account,payment
How long does a refund take to reach bKash?,refund
OTP is not coming to my phone number,account
Nagad payment failed but money was cut from my account,payment
"It's been a week, still waiting for order 6604",delivery
What are your customer care hours? pls help,other
Blender stopped working after 10 days,product_issue
"It's been a week, still waiting for order 9762",delivery
bkash e taka kete geche kintu order confirm hoy nai,payment
"the item looks used, not new pls help",product_issue
Payment page keeps showing an error when I pay,payment
charger ta kaj kortese na,product_issue
can i buy in bulk for my office?,other
"returned the item 13 days ago, where is my refund?",refund
Do you sell gift cards?,other
apnader office kothay?,other
is there any discount for students?,other
Where is my parcel? Tracking shows no update since yesterday pls help,delivery
I paid with bKash twice for order 2246,payment
Can I buy in bulk for my office? pls help,other
blender stopped working after 8 days pls help,product_issue
Can you change my delivery address to Khagrachari?,delivery
Can I buy in bulk for my office?,other
Cash on delivery option is missing at checkout,payment
The phone I received has a cracked screen,product_issue
Delivery man called but never came to Sylhet,delivery
Can I buy in bulk for my office? pls help,other
The courier marked my order delivered but I got nothing,delivery
Delivery man called but never came to Khulna,delivery
Nagad payment failed but money was cut from my account,payment
Please delete my account and my data,account
Forgot my password and the reset email never comes pls help,account
"someone changed my email address, i think i was hacked",account
Nagad payment failed but money was cut from my account pls help,payment
bkash e taka kete geche kintu order confirm hoy nai,payment
I want to give feedback about your app design,other
Cash on delivery option is missing at checkout,payment
Where is my parcel? Tracking shows no update since Sunday,delivery
"Someone changed my email address, I think I was hacked",account
The courier marked my order delivered but I got nothing,delivery
Why was I charged 1200 taka extra?,payment
How can I become a seller on your site?,other
Delivery man called but never came to Khulna,delivery
"Returned the item 5 days ago, where is my refund?",refund
How do I change the phone number on my account?,account
Do you have a shop in Khulna?,other
